name,region,programme,website,lists
O Teatrão,centre,DGArtes sustentado quadrienal 2023-2026,https://oteatrao.com/,dgartes-quadrienal-2023
Teatro O Bando,centre,DGArtes sustentado quadrienal 2023-2026,https://obando.pt/,dgartes-quadrienal-2023
Lafontana – Formas Animadas,north,DGArtes sustentado quadrienal 2023-2026,https://lafontana.pt/,dgartes-quadrienal-2023
Mala Voadora,north,DGArtes sustentado quadrienal 2023-2026,https://malavoadora.pt/,dgartes-quadrienal-2023;coimbra
Companhia de Teatro de Almada,centre,DGArtes sustentado quadrienal 2023-2026,https://ctalmada.pt/,dgartes-quadrienal-2023
Teatro Praga,centre,DGArtes sustentado quadrienal 2023-2026,https://teatropraga.com/,dgartes-quadrienal-2023;coimbra
Amarelo Silvestre,centre,DGArtes sustentado quadrienal 2023-2026,https://amarelosilvestre.com/,dgartes-quadrienal-2023;coimbra
Visões Úteis,north,DGArtes sustentado quadrienal 2023-2026,https://visoesuteis.pt/,dgartes-quadrienal-2023;coimbra
Teatro do Eléctrico,south,DGArtes sustentado quadrienal 2023-2026,,dgartes-quadrienal-2023;coimbra
A Escola da Noite,centre,DGArtes sustentado quadrienal 2023-2026,https://aescoladanoite.pt/,dgartes-quadrienal-2023;coimbra
Artistas Unidos,centre,DGArtes sustentado quadrienal 2023-2026,https://artistasunidos.pt/,dgartes-quadrienal-2023;coimbra
Cão Solteiro,centre,DGArtes sustentado quadrienal 2023-2026,https://caosolteiro.com/,dgartes-quadrienal-2023;coimbra
Teatro da Garagem,centre,DGArtes sustentado quadrienal 2023-2026,https://teatrodagaragem.com/,dgartes-quadrienal-2023
Ar de Filmes / Teatro do Bairro,centre,DGArtes sustentado quadrienal 2023-2026,https://teatrodobairro.org/,dgartes-quadrienal-2023
TEP – Teatro Experimental do Porto,north,DGArtes sustentado quadrienal 2023-2026,http://www.cct-tep.com/,dgartes-quadrienal-2023
Teatro Meridional,centre,DGArtes sustentado quadrienal 2023-2026,https://teatromeridional.net/,dgartes-quadrienal-2023
Teatro do Montemuro,centre,DGArtes sustentado quadrienal 2023-2026,https://teatromontemuro.com/,dgartes-quadrienal-2023;coimbra
Teatro Art'Imagem,north,DGArtes sustentado quadrienal 2023-2026,https://teatroartimagem.org/,dgartes-quadrienal-2023
Teatro do Bolhão,north,DGArtes sustentado quadrienal 2023-2026,https://ace-tb.com/,dgartes-quadrienal-2023;coimbra
Teatro da Rainha,centre,DGArtes sustentado quadrienal 2023-2026,https://teatrodarainha.pt/,dgartes-quadrienal-2023
TEC – Teatro Experimental de Cascais,centre,DGArtes sustentado quadrienal 2023-2026,https://www.tecascais.com/,dgartes-quadrienal-2023
Projecto Ruínas,south,DGArtes sustentado quadrienal 2023-2026,https://www.projectoruinas.pt/,dgartes-quadrienal-2023;coimbra
Teatro de Ferro,north,DGArtes sustentado quadrienal 2023-2026,https://teatrodeferro.com/,dgartes-quadrienal-2023;coimbra
Teatro do Noroeste,north,DGArtes sustentado quadrienal 2023-2026,https://tmsm.pt/teatrodonoroestecdv/,dgartes-quadrienal-2023;coimbra
Teatro das Beiras,centre,DGArtes sustentado quadrienal 2023-2026,https://www.teatrodasbeiras.pt/,dgartes-quadrienal-2023
Teatro de Marionetas do Porto,north,DGArtes sustentado quadrienal 2023-2026,https://marionetasdoporto.pt/,dgartes-quadrienal-2023
Penetrarte,centre,DGArtes sustentado quadrienal 2023-2026,http://colectivo84.blogspot.com/,dgartes-quadrienal-2023;coimbra
Teatro da Terra,centre,DGArtes sustentado quadrienal 2023-2026,https://www.teatrodaterra.com/,dgartes-quadrienal-2023;coimbra
Pracena,north,DGArtes sustentado quadrienal 2023-2026,,dgartes-quadrienal-2023
Teatro Aberto (Novo Grupo de Teatro),centre,DGArtes sustentado quadrienal 2023-2026,https://teatroaberto.com/,dgartes-quadrienal-2023
Teatro Extremo,centre,DGArtes sustentado quadrienal 2023-2026,https://www.teatroextremo.com/,dgartes-quadrienal-2023
Teatro Estúdio Fontenova,centre,DGArtes sustentado quadrienal 2023-2026,https://www.teatroestudiofontenova.com/,dgartes-quadrienal-2023
Cendrev – Centro Dramático de Évora,south,DGArtes sustentado quadrienal 2023-2026,https://www.cendrev.com/,dgartes-quadrienal-2023
Escola de Mulheres,centre,DGArtes sustentado quadrienal 2023-2026,https://www.escolademulheres.com/,dgartes-quadrienal-2023;coimbra
Teatro Nova Europa,north,DGArtes sustentado quadrienal 2023-2026,https://novaeuropa.net/,dgartes-quadrienal-2023;coimbra
Baal 17,south,DGArtes sustentado quadrienal 2023-2026,https://baal17.pt/,dgartes-quadrienal-2023;coimbra
Teatromosca,centre,DGArtes sustentado quadrienal 2023-2026,https://teatromosca.weebly.com/,dgartes-quadrienal-2023;coimbra
Peripécia Teatro,north,DGArtes sustentado quadrienal 2023-2026,https://peripeciateatro.com/,dgartes-quadrienal-2023;coimbra
João Garcia Miguel,centre,DGArtes sustentado quadrienal 2023-2026,https://joaogarciamiguel.com/,dgartes-quadrienal-2023;coimbra
Chão de Oliva,centre,DGArtes sustentado quadrienal 2023-2026,https://chaodeoliva.com/,dgartes-quadrienal-2023;coimbra
ESTE – Estação Teatral,centre,DGArtes sustentado quadrienal 2023-2026,https://esteteatro.com/,dgartes-quadrienal-2023;coimbra
albiASTA,centre,DGArtes sustentado quadrienal 2023-2026,,dgartes-quadrienal-2023;coimbra
Comuna Teatro de Pesquisa,centre,DGArtes sustentado quadrienal 2023-2026,https://www.comunateatropesquisa.pt/,dgartes-quadrienal-2023
A Bruxa Teatro,south,DGArtes sustentado quadrienal 2023-2026,https://www.abruxateatro.com/,dgartes-quadrienal-2023;coimbra
Teatreia,north,DGArtes sustentado quadrienal 2023-2026,https://teatroensaio.wixsite.com/teatroensaio,dgartes-quadrienal-2023;coimbra
Teatroesfera,centre,DGArtes sustentado quadrienal 2023-2026,https://teatroesfera.com/,dgartes-quadrienal-2023;coimbra
Companhia de Teatro de Braga,north,DGArtes sustentado quadrienal 2023-2026,https://www.ctb.pt/,dgartes-quadrienal-2023
Primeiros Sintomas,centre,DGArtes sustentado quadrienal 2023-2026,https://www.primeiros-sintomas.com/,dgartes-quadrienal-2023
Lendias d'Encantar,south,DGArtes sustentado quadrienal 2023-2026,https://www.lendiasdencantar.com/,dgartes-quadrienal-2023
Jangada Teatro,north,DGArtes sustentado quadrienal 2023-2026; bienal 2025-2026,https://jangadateatro.com/,dgartes-quadrienal-2023;dgartes-bienal-2025
Filandorra – Teatro do Nordeste,north,DGArtes sustentado quadrienal 2023-2026,,dgartes-quadrienal-2023
ACTA – A Companhia de Teatro do Algarve,south,DGArtes sustentado quadrienal 2023-2026; bienal 2025-2026,https://www.actateatro.pt/,dgartes-quadrienal-2023;dgartes-bienal-2025;coimbra
Fértil Cultural,north,DGArtes sustentado quadrienal 2023-2026,https://www.fertilcultural.org/,dgartes-quadrienal-2023;coimbra
Seiva Trupe,north,DGArtes sustentado quadrienal 2023-2026,https://seivatrupe.pt/,dgartes-quadrienal-2023
Pé de Vento,north,DGArtes sustentado quadrienal 2023-2026,https://pedevento.pt/,dgartes-quadrienal-2023
A Turma,north,DGArtes sustentado bienal 2025-2026,https://aturma.pt/,dgartes-bienal-2025;coimbra
Addingtroubles,centre,DGArtes sustentado bienal 2025-2026,https://plataforma285.com/,dgartes-bienal-2025
Cães do Mar,islands,DGArtes sustentado bienal 2025-2026,,dgartes-bienal-2025
Cepa Torta,centre,DGArtes sustentado bienal 2025-2026,https://cepatorta.org/,dgartes-bienal-2025
Teatro dos Aloés,centre,DGArtes sustentado bienal 2025-2026,https://teatrodosaloes.pt/,dgartes-bienal-2025;coimbra
Loup Solitaire,centre,DGArtes sustentado bienal 2025-2026,https://lobosolitario.pt/,dgartes-bienal-2025
Leirena Teatro,centre,DGArtes sustentado bienal 2025-2026,https://leirenateatro.wordpress.com/,dgartes-bienal-2025;coimbra
Astro Fingido,north,DGArtes sustentado bienal 2025-2026,https://www.astrofingido.com/,dgartes-bienal-2025
Cassandra,north,DGArtes sustentado bienal 2025-2026,https://www.cassandra.pt/,dgartes-bienal-2025
Causas Comuns,centre,DGArtes sustentado bienal 2025-2026,https://www.causascomuns.pt/,dgartes-bienal-2025
Cegada Grupo de Teatro (TEIV),centre,DGArtes sustentado bienal 2025-2026,https://companhiacegada.pt/,dgartes-bienal-2025
Urze Teatro (Cenários e Enredos),north,DGArtes sustentado bienal 2025-2026,https://www.urzeteatro.com/,dgartes-bienal-2025;coimbra
Enlama,south,DGArtes sustentado bienal 2025-2026,https://lamateatro.com/,dgartes-bienal-2025
Estrutura,north,DGArtes sustentado bienal 2025-2026,https://estrutura.pt/,dgartes-bienal-2025
Formiga Atómica,centre,DGArtes sustentado bienal 2025-2026,https://formiga-atomica.com/,dgartes-bienal-2025
Hotel Europa (HE Teatro),centre,DGArtes sustentado bienal 2025-2026,https://hoteleuropateatro.com/,dgartes-bienal-2025
Red Cloud Teatro de Marionetas (Itinerantatitude),centre,DGArtes sustentado bienal 2025-2026,https://redcloudmarionetas.com/,dgartes-bienal-2025
JAT – Janela Aberta Teatro,south,DGArtes sustentado bienal 2025-2026,https://www.colectivojat.com/,dgartes-bienal-2025
Krisálida,north,DGArtes sustentado bienal 2025-2026,https://krisalida.pt/,dgartes-bienal-2025
Marionetas de Mandrágora,north,DGArtes sustentado bienal 2025-2026,https://marionetasmandragora.com/,dgartes-bienal-2025
Noitarder,north,DGArtes sustentado bienal 2025-2026,https://www.noitarder.pt/,dgartes-bienal-2025
Núcleo SillySeason,centre,DGArtes sustentado bienal 2025-2026,https://sillyseason.pt/,dgartes-bienal-2025
One Hundred Stages,centre,DGArtes sustentado bienal 2025-2026,,dgartes-bienal-2025
Os Possessos,centre,DGArtes sustentado bienal 2025-2026,https://www.ospossessos.com/,dgartes-bienal-2025
Razões Pessoais,centre,DGArtes sustentado bienal 2025-2026,https://razoespessoais.com/,dgartes-bienal-2025
S.A. Marionetas,centre,DGArtes sustentado bienal 2025-2026,https://www.samarionetas.com/,dgartes-bienal-2025
Teatro Animação de Setúbal,centre,DGArtes sustentado bienal 2025-2026,https://tas.pt/,dgartes-bienal-2025
Teatro do Vestido,north,DGArtes sustentado bienal 2025-2026,http://teatrodovestido.org/,dgartes-bienal-2025;coimbra
Terra Amarela,centre,DGArtes sustentado bienal 2025-2026,https://terraamarela.pt/,dgartes-bienal-2025
Trimagisto,south,DGArtes sustentado bienal 2025-2026,https://www.trimagisto.pt/,dgartes-bienal-2025
Varazim Teatro,north,DGArtes sustentado bienal 2025-2026,https://www.varazimteatro.org/,dgartes-bienal-2025
Teatro do Silêncio,centre,DGArtes sustentado bienal 2025-2026,https://teatrodosilencio.pt/,dgartes-bienal-2025
Arte Pública,south,,https://www.artepublica.pt/,coimbra
Cassefaz,centre,,https://cassefaz.com/,coimbra
Comédias do Minho,north,,https://www.comediasdominho.com/,coimbra
Companhia da Esquina,centre,,http://www.companhiadaesquina.com/,coimbra
Companhia Maior,centre,,http://companhiamaior.pt/,coimbra
Arena Ensemble,centre,,https://www.arenaensemble.com/,coimbra
Dois Pontos,north,,http://doispontosassociacaocultural.blogspot.com/,coimbra
EclipseArte,north,,http://eclipse-arte.blogspot.com/,coimbra
Ensemble – Sociedade de Actores,north,,http://ensembledeactores.com/,coimbra
O ENTREtanto TEATRO,north,,http://www.entretantoteatro.pt/,coimbra
In Impetus,centre,,https://www.inimpetus.org/,coimbra
Inestética,centre,,https://inestetica.com/,coimbra
Karnart,centre,,https://karnart.org/,coimbra
Marionet,centre,,https://marioneteatro.com/,coimbra
Musgo,north,,https://musgocompanhia.wordpress.com/,coimbra
NAPALM,north,,https://www.napalm.pt/,coimbra
Pogo Teatro,centre,,http://www.pogo.pt/,coimbra
Teatro da Didascália,north,,https://teatrodadidascalia.com/,coimbra
Teatro do Frio,north,,https://www.teatrodofrio.com/,coimbra
Teatro Oficina,north,,https://www.aoficina.pt/,coimbra
ASSéDIO,north,,http://www.assedioteatro.com/,coimbra
Teatro do Elefante,centre,,https://www.teatrodoelefante.net/,coimbra
