name,kind,region,website,lists,last_active
"27 Lis, Lda",producer,centre,https://www.27lis.com/,pfc-directory,2026
Adesiva,producer,centre,https://adesiva.pt,pfc-directory,2022
Agente a Norte,producer,north,http://www.agenteanorte.com,pfc-directory,2025
"AGFILMS, Film & Photo Productions",producer,centre,http://www.agfilms.tv,pfc-directory,2026
Algarve Studios,casting,south,http://www.algarvestudios.pt,pfc-directory,2025
Alibi,producer,centre,http://www.alibi.pt,pfc-directory,2022
All Around Globe LDA,producer,centre,https://allaroundglobe.com,pfc-directory,2022
Ana Soares Produções Unipessoal Lda,producer,,https://www.anasoaresproducoes.com/,gedipe,
APM - Actions per Minute,producer,,https://apm-actionsperminute.com/,gedipe;apit-2026,2026
Arquipélago Raro Filmes,producer,,,gedipe;apit-2026,2026
Arrepio Produções,producer,north,http://www.arrepio.com,pfc-directory,2025
AV82,producer,north,https://av82studio.com/,pfc-directory,2025
Beactive Entertainment,producer,centre,,pfc-directory,2022
Bruma Visuals – Film Production + Rental House,producer,north,https://www.brumavisuals.com,pfc-directory,2023
C.R.I.M.,producer,centre,http://www.crim-productions.com,pfc-directory,2026
Caos Calmo Filmes,producer,,https://www.caoscalmofilmes.com/,gedipe;apit-2026,2026
Caracol Studios,producer,centre,https://www.thecaracolstudios.com/,apit-2026;pfc-directory,2026
CDI – Comunhão de Ideias,producer,,https://comunhaodeideias.com/,gedipe,2025
Cedro Plátano,producer,centre,https://cedroplatano.pt/,pfc-directory,2025
Centaurea Films,producer,centre,http://www.centaureafilms.com,pfc-directory,2025
Cimbalino Filmes,producer,north,https://www.cimbalinofilmes.pt,pfc-directory,2026
Cinecool Producao Audiovisual Lda,producer,,,gedipe,
Cinema Plastique,producer,south,https://www.cinemaplastique.pt,pfc-directory,2026
Colorama Produção Audiovisual,producer,centre,http://www.colorama.pt,pfc-directory,2022
Colossal Studios,producer,,,apit-2026,2026
Comunicar Atitude,producer,,https://comunicaratitude.pt/,gedipe;apit-2026,2026
Coral Vision Europa,producer,centre,,gedipe;apit-2026;pfc-directory,2026
CornerStudio,producer,centre,https://www.cornerstudio.pt/,pfc-directory,2024
Costa do Castelo Filmes SA,producer,,http://www.costacastelo.pt/,gedipe,
Creart,producer,centre,https://www.creart.pt/,gedipe;apit-2026;pfc-directory,2026
Cultura Urbana,casting,islands,,pfc-directory,2022
Darya Films,producer,centre,http://www.daryafilms.com,pfc-directory,2022
David & Golias,producer,centre,https://www.david-golias.com/,gedipe;apit-2026;pfc-directory,2026
Dentro da Baleia,producer,,https://dentrodabaleia.pt/,gedipe;apit-2026,2026
Dialogue,producer,centre,https://dialogue.pt/,pfc-directory,2022
"Digital Azul Audiovisuais, Lda",dubbing,centre,https://digitalazul.pt/pt-pt/,pfc-directory,2026
Divina Comédia,producer,centre,https://divinacomedia.pt/,apit-2026;pfc-directory,2026
"Droid I.D. / Galactifiction, lda",producer,centre,http://www.droidid.net,pfc-directory,2022
Duvideo Filmes,producer,,,gedipe;apit-2026,2026
Eiger Visuals,producer,centre,http://www.eigervisuals.com,pfc-directory,2025
Eighty Forward Productions,producer,,https://eightyforward.pt,pfc-directory,2023
Em Relevo Produção Audiovisual,producer,north,,pfc-directory,2025
Endemol Portugal,producer,,https://www.endemol.pt/,gedipe;apit-2026,2026
Episódio Proeza,producer,islands,https://www.episodiofilmes.com/,gedipe;apit-2026;pfc-directory,2026
FACA NOS DENTES FILMS,producer,islands,http://www.facanosdentes.com,pfc-directory,2024
Fado Filmes Lda,producer,centre,https://fadofilmes.pt/,gedipe;apit-2026;pfc-directory,2026
Farol de Ideias Lda,producer,,https://faroldeideias.com/,gedipe,2022
Figurantes & Companhia,casting,north,,pfc-directory,2025
Filbox Produções Audiovisuais,producer,north,http://www.filbox.com,pfc-directory,2022
Film Portugal,casting,centre,,pfc-directory,2022
Filmes do Gajo,producer,centre,http://www.filmesdogajo.pt,pfc-directory,2022
Filmes do Tejo II Lda,producer,,http://www.filmesdotejo.pt/,gedipe,2022
FILMESDAMENTE,producer,north,https://www.filmesdamente.com/en/,pfc-directory,2026
Flaming,producer,,https://flaming.pt/,apit-2026,2026
Fractal,producer,islands,,pfc-directory,2022
Free Dreams,producer,,http://www.freedreams.pt,pfc-directory,2024
Fremantle Portugal,producer,,https://www.fremantle.pt/,gedipe;apit-2026,2026
FTV Productions Algarve,producer,south,https://www.ftvproductionsalgarve.website,pfc-directory,2026
Fábrica de sonhos,producer,centre,,pfc-directory,2022
GAFFVisuals,producer,centre,http://gaffvisuals.com,pfc-directory,2025
Galgo Filmes,producer,centre,https://www.galgofilmes.com/,pfc-directory,2025
Galo Bravo,producer,,,apit-2026,2026
Go To,producer,,http://www.go-to.pt/,gedipe;apit-2026,2026
Go TV / Reed,producer,,https://reed.pt/,gedipe;apit-2026,2026
Golpe Filmes,producer,north,https://golpefilmes.com/,pfc-directory,2026
Good Casting Lda,casting,centre,https://goodcasting.pt/,pfc-directory,2024
Grumpy Panda,producer,,https://www.grumpypanda.pt/,pfc-directory,2023
Hand Creative Chain,producer,centre,https://handcreativechain.org,pfc-directory,2026
Hibrid Pictures,producer,,,apit-2026,2026
"Hiperfocal Filmes – Produção Cinematográfica Unipessoal, Lda",producer,north,,pfc-directory,2026
HOP Films,producer,,https://hopfilms.pt/,apit-2026,2026
Hora Mágica,producer,,https://www.horamagica.pt/,gedipe;apit-2026,2026
House of Quest Films,producer,centre,https://houseofquest.com/,pfc-directory,2024
Ideias com Pernas  – Creative Films,producer,north,https://ideiascompernas.com/,pfc-directory,2022
Infilms,producer,north,https://www.infilms.pt,pfc-directory,2026
Infinity K,producer,centre,https://infinity-k.com/,pfc-directory,2022
Islanders Productions,producer,islands,http://islandersproductions.com,pfc-directory,2022
Jorge D'Almeida Marecos Duarte,producer,,,gedipe,
Jungle Corner,producer,,http://junglecorner.pt/,gedipe;apit-2026,2026
Jângal Studios,producer,centre,http://www.jangalstudios.pt,pfc-directory,2024
KINORA Filmes,producer,centre,http://www.kinora.pt,pfc-directory,2022
Krypton Films,producer,centre,https://kryptonfilms.com,pfc-directory,2022
Krypton Films International,producer,centre,https://www.kryptonfilmsinternational.com,pfc-directory,2025
Lightbox,producer,north,https://www.lightbox.pt/,pfc-directory,2022
"Liquid Sky Artistcollective, Unipessoal Lda   ",producer,south,https://www.liquidskyartistcollective.com,pfc-directory,2022
LisbonWorks,producer,centre,http://www.lisbonworks.com,pfc-directory,2022
Lobby Films and Advertising,producer,centre,http://www.lobbyproductions.com,pfc-directory,2026
Locanda Films,producer,south,http://www.locandafilms.com,pfc-directory,2026
Longshot,producer,centre,http://www.longshot.pt,pfc-directory,2026
Love To Shoot,producer,centre,http://www.lovetoshoot.pt,pfc-directory,2022
Lucky Matrix,producer,centre,https://luckymatrix.pt/,pfc-directory,2022
Luís Galvão Teles,producer,,,gedipe,
LX Filmes,producer,centre,https://lxfilmes.com/,pfc-directory,2022
Made in Lisbon,producer,centre,https://madeinlisbon.net,pfc-directory,2022
Madeira Productions,producer,islands,http://www.madeiraproductions.com,pfc-directory,2026
Madstudios,producer,centre,,pfc-directory,2022
Many Takes,producer,,https://manytakes.com/,apit-2026,2026
Mares do Sul,producer,,https://maresdosul.pt/,gedipe;apit-2026,2026
"Marginalfilmes – Argumentenigma, Lda",producer,centre,https://www.marginalfilmes.pt/,pfc-directory,2022
Maria & Mayer,producer,centre,https://mariaemayer.com/,gedipe;apit-2026;pfc-directory,2026
Mashed Potatoes,producer,centre,https://www.mpotatoes.com,pfc-directory,2026
Mau Mau Mia,producer,centre,http://www.maumaumia.pt/,pfc-directory,2025
Maus da Fita,producer,centre,http://www.mausdafita.pt,pfc-directory,2022
Media em Movimento – Comunicação e Marketing,casting,centre,https://mediaemmovimento.com,pfc-directory,2026
Midas Filmes,producer,centre,http://www.midas-filmes.pt,pfc-directory,2026
Millwood Digital Studios,producer,centre,http://www.millwooddigital.com,pfc-directory,2026
Ministério dos Filmes,producer,centre,,pfc-directory,2022
Miradouro Media Lda,producer,,,gedipe,
Miranda Filmes – Produção Cinematográfica,producer,north,https://mirandafilmesproducaocinematografica.blogspot.com/,pfc-directory,2026
Miss Brightside,producer,centre,https://www.missbrightsidefilmproductions.com/,pfc-directory,2025
"More Maria,Lda",producer,centre,https://www.moremaria.pt/,pfc-directory,2022
More Than Stories,producer,,https://www.morethanstories.pt/,pfc-directory,2023
"Moura, Gama e Navarro, Filmes e Espectaculos Lda",producer,,https://www.mgn-filmes.pt/,gedipe,
Musō Films,producer,,https://www.musofilms.com/,apit-2026,2026
NBFX,producer,north,,pfc-directory,2026
New Light Pictures LDA,producer,south,https://www.newlightpictures.pt/,pfc-directory,2024
New Take – Media Productions,producer,north,http://www.newtake.pt,pfc-directory,2026
No Murphy Films,producer,centre,https://no-murphy.com/,apit-2026;pfc-directory,2026
O Som e a Fúria,producer,centre,https://www.osomeafuria.com/,pfc-directory,2022
Ocidental Filmes,producer,centre,,pfc-directory,2022
Oficina de Filmes,producer,centre,,pfc-directory,2022
Olhar de Ulisses,producer,north,https://olhardeulisses.com/,pfc-directory,2022
Outsider Films Lda,producer,,,gedipe,
"Persona Non Grata Pictures, Lda",producer,,https://www.pngpictures.com/pt,gedipe,
Picturesque Choice LDA (THE MAKKINA),producer,centre,,pfc-directory,2025
Pixbee,producer,north,http://www.pixbee.pt,pfc-directory,2022
PIXEL POSION,producer,centre,https://www.pixelpoison.me/,pfc-directory,2025
Playground,producer,centre,https://en.theplayground.pt/,pfc-directory,2022
PlaySolutions Audiovisuais,producer,,https://playsolutionsaudiovisuais.pt/,apit-2026,2026
"PORT – Portugueses Online – Meios de Comunicação, Lda",producer,north,https://portugueses.online/,pfc-directory,2022
Porto Cabo,producer,,,apit-2026,2026
PRETOS,producer,centre,,pfc-directory,2024
PRIS Audiovisuais SA,producer,,https://www.pris.pt/,gedipe,2026
Produções Clandestinas,producer,,http://www.producoesclandestinas.com/,gedipe;apit-2026,2026
Produções Fictícias,producer,centre,https://producoesficticias.pt/,gedipe;apit-2026;pfc-directory,2026
Produções Panavídeo,producer,,https://www.panavideo.pt/,gedipe;apit-2026,2026
Promenade,producer,centre,https://promenade.pt/,pfc-directory,2026
PSProdução Lda (PSP Production),producer,centre,https://www.productionportugal.com/#/,pfc-directory,2024
Push Films,producer,centre,https://www.pushfilms.com/,pfc-directory,2024
Raw.filmes,producer,north,http://www.rawfilmes.com,pfc-directory,2026
"Ready To Shoot, Audiovisuais Lda",producer,centre,https://www.readytoshoot.pt/,pfc-directory,2025
Real Ficção,producer,centre,https://www.realficcao.com/,pfc-directory,2026
RETA Filmes,producer,centre,http://www.retafilmes.com,pfc-directory,2026
Sagesse Productions,producer,centre,https://sagesseproductions.com/,pfc-directory,2025
Santa Rita Filmes,producer,centre,https://santaritafilmes.pt/,gedipe;pfc-directory,2022
Sardinha em Lata,producer,,https://www.sardinhaemlata.com/,apit-2026,2026
Seiva Bruta Produções,producer,,https://www.seivabruta.org/,gedipe,2026
SERENA Productions,producer,,https://www.serenaproductions.com/,pfc-directory,2026
Shine Ibéria Portugal,producer,,https://www.shineiberia.tv/pt-pt/shine-iberia/,gedipe;apit-2026,2026
"Showbees - Anabela Ventura Unip, Lda",producer,,https://www.showbees.pt/,gedipe,
Skynet Media,producer,north,http://www.skynetmedia.pt,pfc-directory,2026
SMD – See My Dreams Productions,producer,centre,https://seemydreams.com,pfc-directory,2026
Smile,producer,centre,http://www.thesmile.tv/,pfc-directory,2022
Southwest Productions,producer,centre,https://southwest-productions.com,pfc-directory,2022
SP Entertainment,producer,,http://www.spentertainment.pt/,gedipe;apit-2026,2026
SP Televisão,producer,,https://www.sptelevisao.pt/pt/,gedipe;apit-2026,2026
SPi,producer,centre,https://www.sp-i.pt/,gedipe;apit-2026;pfc-directory,2026
Station Productions,producer,north,https://station.com.pt/,apit-2026;pfc-directory,2026
Stay Casting e Produções,casting,centre,https://www.stay.com.pt/,pfc-directory,2026
Stenar Projects,producer,centre,https://stenarprojects.com,pfc-directory,2022
Still Produções,producer,centre,https://www.still.com.pt/,pfc-directory,2025
Story In A Box,producer,centre,http://www.storyinabox.pt,pfc-directory,2026
Stunning Fields,producer,,http://www.stunningfields.com/,apit-2026,2026
TAKE 2000,producer,centre,,pfc-directory,2022
Take It Easy Produções Audiovisuais Lda,producer,centre,https://takeiteasy-film.com/,pfc-directory,2025
Teresa Guilherme Lda,producer,,,gedipe;apit-2026,2026
TERRATREME FILMES,producer,centre,https://terratreme.pt,pfc-directory,2022
"Terremoto Produções, LDA",producer,centre,,pfc-directory,2022
Toolbox Portugal,casting,north,https://www.toolboxportugal.com/,pfc-directory,2022
Ukbar Filmes,producer,,,gedipe;apit-2026,2026
Um Segundo Filmes,producer,north,https://umsegundofilmes.com,pfc-directory,2022
Uma Pedra no Sapato,producer,centre,https://www.umapedranosapato.com,pfc-directory,2025
United Heroes Group,producer,north,https://unitedheroesgroup.com/,apit-2026;pfc-directory,2026
Unlimited Content,producer,centre,,pfc-directory,2022
Valentim de Carvalho,producer,,http://www.valentim.pt/,gedipe;apit-2026,2026
Vasos Comunicantes Lda,producer,,,gedipe,
Vende-se Filmes,producer,centre,https://vende-sefilmes.com/pt/,gedipe;apit-2026;pfc-directory,2026
Ventoencanado Produções,producer,islands,,pfc-directory,2025
Vinco Films,producer,islands,https://vincofilms.pt/,gedipe;apit-2026;pfc-directory,2026
Visuals By LUMA,producer,north,https://visualsbyluma.com,pfc-directory,2026
Vitec,producer,,,gedipe;apit-2026,2026
Volf Entertainment,producer,,https://www.volf.pt/,apit-2026,2026
We Are Action,producer,centre,https://www.weareaction.pt/,pfc-directory,2024
West Coast Films,producer,islands,http://www.westcoastfilms.pt,pfc-directory,2022
WL Partners,producer,,https://www.wlpartners.pt/,apit-2026,2026
Wonder Maria Filmes,producer,,https://www.wondermaria.com/pt/,apit-2026,2026
Woodhead Creative,producer,centre,https://wearewoodhead.com/,pfc-directory,2025
"Zulfilmes – Cinema, Vídeo e Distribuição",producer,centre,,pfc-directory,2022
