Tema (Subject),"Nome, entidade, organização... (Títle 1)",Sigla (Title 2),Website ou página web (Source),Histórico de versões no Arquivo.pt (isVersion of),"Data, início (Temporal Coverage 1)","Data, fim (Temporal Coverage 2)",Localidade (Spatial Coverage 1),Concelho Localidade (Spatial Coverage 2),Distrito (Spatial Coverage 3),Elemento de descrição (Description 1),Elemento de descrição (Description 2),Elemento de descrição (Description 3),Facebook (Relation),Instagram (Relation),X (Relation),Telegram (Relation),Youtube (Relation),Vimeo (Relation),Flickr (Relation),Linkedin (Relation),Spotify (Relation),Whatsapp (Relation),Bluesky (Relation),Discord (Relation),Threads (Relation),Tiktok (Relation),Outros (Relation),Ordem inicial das linhas (manter),Link para histórico de versões no Arquivo.pt
Salas de teatro em Portugal,A Moagem — Cidade do Engenho e das Artes,,https://amoagem.pt/,https://arquivo.pt/wayback/https://amoagem.pt/,,,,,,,,,"https://www.facebook.com/pages/A%20Moagem%20-%20Cidade%20do%20Engenho%20e%20das%20Artes,%20Fund%C3%A3o/395403920493034/",,,,,,,,,,,,,,,1,
Salas de teatro em Portugal,Armazém 8,,https://armazem8.associarte.pt/,https://arquivo.pt/wayback/https://armazem8.associarte.pt/,,,,,,,,,https://www.facebook.com/armazem8evora,https://www.instagram.com/armazem_8/,,,,,,,,,,,,,,2,
Salas de teatro em Portugal,Auditório Carlos do Carmo,,https://www.cm-lagoa.pt/conhecer/espacos-culturais/auditorio-carlos-do-carmo,https://arquivo.pt/wayback/https://www.cm-lagoa.pt/conhecer/espacos-culturais/auditorio-carlos-do-carmo,,,,,,,,,,,,,,,,,,,,,,,,3,
Salas de teatro em Portugal,Auditório de Espinho,,https://www.musica-esp.pt/,https://arquivo.pt/wayback/https://www.musica-esp.pt/,,,,,,,,,https://www.facebook.com/auditoriodeespinhoacademia/,,,,,,,,,,,,,,,4,
Salas de teatro em Portugal,Auditório do Centro Cultural de Arronches,,https://cm-arronches.pt/,https://arquivo.pt/wayback/https://cm-arronches.pt/,,,,,,,,,,,,,,,,,,,,,,,,5,
Salas de teatro em Portugal,Auditório João David Marques Pinheiro,,https://www.ateneu-vfxira.pt/instalacoes,https://arquivo.pt/wayback/https://www.ateneu-vfxira.pt/instalacoes,,,,,,,,,,,,,,,,,,,,,,,,6,
Salas de teatro em Portugal,Auditório Municipal Augusto Cabrita,,https://barreiroamac.wordpress.com/,https://arquivo.pt/wayback/https://barreiroamac.wordpress.com/,,,,,,,,,,,,,,,,,,,,,,,,7,
Salas de teatro em Portugal,Auditório Municipal Beatriz Costa,,https://www.cm-mafra.pt/pages/1025?poi_id=41,https://arquivo.pt/wayback/https://www.cm-mafra.pt/pages/1025?poi_id=41,,,,,,,,,,,,,,,,,,,,,,,,8,
Salas de teatro em Portugal,Auditório Municipal de Gaia,,https://www.cm-gaia.pt/pt/cidade/cultura/equipamentos-municipais/auditorio-municipal/,https://arquivo.pt/wayback/https://www.cm-gaia.pt/pt/cidade/cultura/equipamentos-municipais/auditorio-municipal/,,,,,,,,,,,,,,,,,,,,,,,,9,
Salas de teatro em Portugal,Auditório Municipal de Portel,,https://www.cm-portel.pt/locais/auditorio-municipal-de-portel/,https://arquivo.pt/wayback/https://www.cm-portel.pt/locais/auditorio-municipal-de-portel/,,,,,,,,,https://www.facebook.com/auditorio.portel,,,,,,,,,,,,,,,10,
Salas de teatro em Portugal,Casa da Criatividade,,https://www.casadacriatividade.com/,https://arquivo.pt/wayback/https://www.casadacriatividade.com/,,,,,,,,,https://www.facebook.com/casadacriatividade,https://instagram.com/casadacriatividade?utm_medium=copy_link,,,,,,,,,,,,,,11,
Salas de teatro em Portugal,Casa da Cultura - Teatro Stephens,,https/www.teatrostephens.pt,https://arquivo.pt/wayback/https/www.teatrostephens.pt,,,,,,,,,https://www.facebook.com/municipiomarinhagrande,,,,,,,,,,,,,,,12,
Salas de teatro em Portugal,Casa da Cultura de Ílhavo,,https://www.23milhas.pt/,https://arquivo.pt/wayback/https://www.23milhas.pt/,,,,,,,,,https://www.facebook.com/23milhas,https://www.instagram.com/23milhas/,,,,,,,,,,,,,,13,
Salas de teatro em Portugal,Casa da Cultura Santa Comba Dão,,https://cm-santacombadao.pt/,https://arquivo.pt/wayback/https://cm-santacombadao.pt/,,,,,,,,,,,,,,,,,,,,,,,,14,
Salas de teatro em Portugal,Casa das Artes de Miranda do Corvo,,https://cm-mirandadocorvo.pt/menu/168/casa-das-artes,https://arquivo.pt/wayback/https://cm-mirandadocorvo.pt/menu/168/casa-das-artes,,,,,,,,,https://www.facebook.com/casadasartesmcv,,,,,,,,,,,,,,,15,
Salas de teatro em Portugal,Casa das Artes de Vila Nova de Famalicão,,http://www.casadasartes.org/,https://arquivo.pt/wayback/http://www.casadasartes.org/,,,,,,,,,https://www.facebook.com/CasadasArtesVNFamalicao,https://www.instagram.com/casadasartesdefamalicao/?hl=pt,,,,,,,,,,,,,,16,
Salas de teatro em Portugal,Casa Municipal da Cultura de Seia,,https://www.casadaculturadeseia.pt/,https://arquivo.pt/wayback/https://www.casadaculturadeseia.pt/,,,,,,,,,https://www.facebook.com/casamunicipalculturaseia,,,,,,,,,,,,,,,17,
Salas de teatro em Portugal,Centro Cultural da Malaposta,,https://www.cm-odivelas.pt,https://arquivo.pt/wayback/https://www.cm-odivelas.pt,,,,,,,,,https://www.facebook.com/cmodivelas,https://www.instagram.com/cmodivelas/,,,,,,,,,,,,,,18,
Salas de teatro em Portugal,Centro Cultural de Carregal do Sal,,https://www.centrocultural.pt/,https://arquivo.pt/wayback/https://www.centrocultural.pt/,,,,,,,,,https://www.facebook.com/CentroCulturalCarregalSal,https://www.instagram.com/cmcsal/,,,,,,,,,,,,,,19,
Salas de teatro em Portugal,Centro Cultural de Lagos,,http://www.cm-lagos.pt/,https://arquivo.pt/wayback/http://www.cm-lagos.pt/,,,,,,,,,https://www.facebook.com/camaramunicipaldelagos/,https://www.instagram.com/municipiodelagos/,,,,,,,,,,,,,,20,
Salas de teatro em Portugal,Centro Cultural de Macedo de Cavaleiros,,https://www.centrocultural-macedodecavaleiros.pt/,https://arquivo.pt/wayback/https://www.centrocultural-macedodecavaleiros.pt/,,,,,,,,,https://www.facebook.com/cm.macedodecavaleiros,,,,,,,,,,,,,,,21,
Salas de teatro em Portugal,Centro Cultural de Paredes de Coura,,https://www.paredesdecoura.pt/,https://arquivo.pt/wayback/https://www.paredesdecoura.pt/,,,,,,,,,https://www.facebook.com/municipioparedesdecoura,,,,,,,,,,,,,,,22,
Salas de teatro em Portugal,Centro Cultural e de Congressos das Caldas da Rainha,,https://www.ccc.com.pt/,https://arquivo.pt/wayback/https://www.ccc.com.pt/,,,,,,,,,http://www.facebook.com/CCCCaldas,http://www.instagram.com/ccc.caldas,,,,,,,,,,,,,,23,
Salas de teatro em Portugal,Centro Cultural Gil Vicente,,http://www.cm-sardoal.pt/index.php/pt/viver/cultura/centro-cultural-gil-vicente,https://arquivo.pt/wayback/http://www.cm-sardoal.pt/index.php/pt/viver/cultura/centro-cultural-gil-vicente,,,,,,,,,https://www.facebook.com/CentroCulturalGilVicente,,,,,,,,,,,,,,,24,
Salas de teatro em Portugal,Centro Cultural Olga Cadaval,,https://www.cm-idanhanova.pt/areas/cultura/centro-cultural-raiano,https://arquivo.pt/wayback/https://www.cm-idanhanova.pt/areas/cultura/centro-cultural-raiano,,,,,,,,,https://www.facebook.com/CCRaiano,,,,,,,,,,,,,,,25,
Salas de teatro em Portugal,Centro Cultural Raiano,,https://www.cm-idanhanova.pt/areas/cultura/centro-cultural-raiano,https://arquivo.pt/wayback/https://www.cm-idanhanova.pt/areas/cultura/centro-cultural-raiano,,,,,,,,,https://www.facebook.com/CCRaiano,,,,,,,,,,,,,,,26,
Salas de teatro em Portugal,Centro Cultural Vila Flor,,http://www.ccvf.pt/,https://arquivo.pt/wayback/http://www.ccvf.pt/,,,,,,,,,http://www.facebook.com/CCVF.Guimaraes,http://www.instagram.com/ccvfguimaraes,,,,,,,,,,,,,,27,
Salas de teatro em Portugal,Centro das Artes e do Espectáculo — Sever do Vouga,,https://www.cm-sever.pt/pages/559?news_id=586,https://arquivo.pt/wayback/https://www.cm-sever.pt/pages/559?news_id=586,,,,,,,,,http://www.facebook.com/cae.severdovouga,https://www.instagram.com/caeseverdovouga/,,,,,,,,,,,,,,28,
Salas de teatro em Portugal,Centro de Arte de Ovar,,http://cultura.cm-ovar.pt/,https://arquivo.pt/wayback/http://cultura.cm-ovar.pt/,,,,,,,,,https://www.facebook.com/ovarcultura,https://www.instagram.com/ovarcultura/,,,,,,,,,,,,,,29,
Salas de teatro em Portugal,Centro de Artes de Águeda (CAA),,https://www.centroartesagueda.pt/,https://arquivo.pt/wayback/https://www.centroartesagueda.pt/,,,,,,,,,https://www.facebook.com/centroartesagueda,https://www.instagram.com/centroartesagueda/,,,,,,,,,,,,,,30,
Salas de teatro em Portugal,Centro de Artes do Espectáculo de Portalegre,,https://www.caeportalegre.blogspot.pt,https://arquivo.pt/wayback/https://www.caeportalegre.blogspot.pt,,,,,,,,,https://www.facebook.com/CAEdePortalegre,https://www.instagram.com/caeportalegre/,,,,,,,,,,,,,,31,
Salas de teatro em Portugal,Centro de Artes e Espectáculos (CAE),,http://www.cae.pt/,https://arquivo.pt/wayback/http://www.cae.pt/,,,,,,,,,http://facebook.com/CAE-Centro-de-Artes-e-Espect%C3%A1culos-da-Figueira-da-Foz,https://www.instagram.com/caefigueiradafoz/?hl=pt,,,,,,,,,,,,,,32,
Salas de teatro em Portugal,Cine Granadeiro,,https://www.cm-grandola.pt/viver/cultura/poi/cine-granadeiro-auditorio-municipal,https://arquivo.pt/wayback/https://www.cm-grandola.pt/viver/cultura/poi/cine-granadeiro-auditorio-municipal,,,,,,,,,,,,,,,,,,,,,,,,33,
Salas de teatro em Portugal,Cine Teatro João Verde,,http://cineteatro.cm-moncao.pt/,https://arquivo.pt/wayback/http://cineteatro.cm-moncao.pt/,,,,,,,,,https://www.facebook.com/ctjvmoncao/,,,,,,,,,,,,,,,34,
Salas de teatro em Portugal,Cine Teatro São João,,https://www.cm-palmela.pt/viver/cultura/equipamentos-culturais/cineteatro-s-joao,https://arquivo.pt/wayback/https://www.cm-palmela.pt/viver/cultura/equipamentos-culturais/cineteatro-s-joao,,,,,,,,,,,,,,,,,,,,,,,,35,
Salas de teatro em Portugal,Cine-Teatro Avenida,,https://www.cm-castelobranco.pt/visitante/programacao-cultural/espacos-culturais/cine-teatro-avenida/,https://arquivo.pt/wayback/https://www.cm-castelobranco.pt/visitante/programacao-cultural/espacos-culturais/cine-teatro-avenida/,,,,,,,,,https://www.facebook.com/cineteatroavenida,,,,,,,,,,,,,,,36,
Salas de teatro em Portugal,Cine-Teatro de Alcobaça,,https://www.cineteatro.cm-alcobaca.pt/,https://arquivo.pt/wayback/https://www.cineteatro.cm-alcobaca.pt/,,,,,,,,,https://www.facebook.com/cineteatroalcobaca/,,,,,,,,,,,,,,,37,
Salas de teatro em Portugal,Cine-Teatro de Benavente,,https://twitter.com/BenaventeCamara,https://arquivo.pt/wayback/https://twitter.com/BenaventeCamara,,,,,,,,,https://www.facebook.com/cmbnv,https://www.instagram.com/camara_municipal_benavente/,,,,,,,,,,,,,,38,
Salas de teatro em Portugal,Cine-Teatro de Estarreja,,https://www.cineteatroestarreja.com/,https://arquivo.pt/wayback/https://www.cineteatroestarreja.com/,,,,,,,,,https://www.facebook.com/cinestarreja,https://www.instagram.com/cinestarreja/,,,,,,,,,,,,,,39,
Salas de teatro em Portugal,Cine-Teatro de Sobral de Monte Agraço,,http://www.cm-sobral.pt/cine-teatro/,https://arquivo.pt/wayback/http://www.cm-sobral.pt/cine-teatro/,,,,,,,,,https://www.facebook.com/cineteatrosobralmagraco2006/,https://www.instagram.com/cineteatrosobral/,,,,,,,,,,,,,,40,
Salas de teatro em Portugal,Cine-Teatro Garrett,,https://www.cm-pvarzim.pt/areas-de-atividade/povoa-cultural/cine-teatro-garrett/,https://arquivo.pt/wayback/https://www.cm-pvarzim.pt/areas-de-atividade/povoa-cultural/cine-teatro-garrett/,,,,,,,,,https://www.facebook.com/TeatroGarrett,,,,,,,,,,,,,,,41,
Salas de teatro em Portugal,Cine-teatro Paraíso,,https://cineteatro.cm-tomar.pt/,https://arquivo.pt/wayback/https://www.visit-tomar.com/Places/Details/cine-teatro-paraiso?cat=wtd,,,,,,,,,https://www.facebook.com/cineteatroparaisotomar,,,,,,,,,,,,,,,42,
Salas de teatro em Portugal,Cine-Teatro São Pedro de Alcanena,,http://cm-alcanena.pt/index.php/pt/viver/culturalazer/cine-teatro-sao-pedro,https://arquivo.pt/wayback/http://cm-alcanena.pt/index.php/pt/viver/culturalazer/cine-teatro-sao-pedro,,,,,,,,,https://www.facebook.com/cineteatro.saopedro.73,https://www.instagram.com/cine.teatro.sao.pedro.alcanena/,,,,,,,,,,,,,,43,
Salas de teatro em Portugal,Cinema-Teatro Joaquim d’Almeida,,https://www.mun-montijo.pt/viver/cultura/cinema-teatro-joaquim-d-almeida/programacao-75,https://arquivo.pt/wayback/https://www.mun-montijo.pt/viver/cultura/cinema-teatro-joaquim-d-almeida/programacao-75,,,,,,,,,https://www.facebook.com/ctjamontijo,https://www.instagram.com/ctjamontijo/,,,,,,,,,,,,,,44,
Salas de teatro em Portugal,Cineteatro Alba,,https://www.cm-albergaria.pt/p/cineteatroalba,https://arquivo.pt/wayback/https://www.cm-albergaria.pt/p/cineteatroalba,,,,,,,,,https://www.facebook.com/CineteatroAlba/,https://www.instagram.com/cineteatroalba/,,,,,,,,,,,,,,45,
Salas de teatro em Portugal,Cineteatro Curvo Semedo,,https://www.cm-montemornovo.pt/locais/cineteatro-curvo-semedo/,https://arquivo.pt/wayback/https://www.cm-montemornovo.pt/locais/cineteatro-curvo-semedo/,,,,,,,,,https://www.facebook.com/pages/Cine-Teatro%20Curvo%20Semedo/187366804651092/,,,,,,,,,,,,,,,46,
Salas de teatro em Portugal,Cineteatro de Torre de Moncorvo,,https://www.cm-moncorvo.pt/p/cineteatro,https://arquivo.pt/wayback/https://www.cm-moncorvo.pt/p/cineteatro,,,,,,,,,https://www.facebook.com/municipiotorredemoncorvo,https://www.instagram.com/municipiodetorredemoncorvo/,,,,,,,,,,,,,,47,
Salas de teatro em Portugal,Cineteatro Louletano,,https://cineteatro.cm-loule.pt/,https://arquivo.pt/wayback/https://cineteatro.cm-loule.pt/,,,,,,,,,https://www.facebook.com/cineteatrolouletano,https://www.instagram.com/cineteatrolouletano/,,,,,,,,,,,,,,48,
Salas de teatro em Portugal,Cineteatro Messias,,https://cineteatromessias.cm-mealhada.pt/,https://arquivo.pt/wayback/https://cineteatromessias.cm-mealhada.pt/,,,,,,,,,https://www.facebook.com/cineteatromealhada/,https://www.instagram.com/municipiomealhada/,,,,,,,,,,,,,,49,
Salas de teatro em Portugal,Cineteatro Mouzinho da Silveira,,https://www.cm-castelo-vide.pt/menu/265/cine-teatro-mouzinho-da-silveira,https://arquivo.pt/wayback/https://www.cm-castelo-vide.pt/menu/265/cine-teatro-mouzinho-da-silveira,,,,,,,,,https://www.facebook.com/cineteatromouzinhodasilveira/,,,,,,,,,,,,,,,50,
Salas de teatro em Portugal,Cineteatro Municipal João Mota,,https://www.sesimbra.pt/viver/cultura/cineteatro-municipal-joao-mota,https://arquivo.pt/wayback/https://www.sesimbra.pt/viver/cultura/cineteatro-municipal-joao-mota,,,,,,,,,,,,,,,,,,,,,,,,51,
Salas de teatro em Portugal,Cineteatro Sousa Telles,,,https://arquivo.pt/wayback/,,,,,,,,,"https://www.facebook.com/pages/Cine-Teatro%20Sousa%20Telles,%20Ourique/336965479671425/",,,,,,,,,,,,,,,52,
Salas de teatro em Portugal,Coliseu Micaelense,,http://www.coliseumicaelense.pt/,https://arquivo.pt/wayback/http://www.coliseumicaelense.pt/,,,,,,,,,https://www.facebook.com/ColiseuMicaelense/,,,,,,,,,,,,,,,53,
Salas de teatro em Portugal,Coliseu Porto Ageas,,https://www.coliseu.pt/,https://arquivo.pt/wayback/https://www.coliseu.pt/,,,,,,,,,https://www.facebook.com/ColiseuPortoAgeas,https://www.instagram.com/coliseuportoageas/,,,,,,,,,,,,,,54,
Salas de teatro em Portugal,Convento São Francisco,,http://coimbraconvento.pt/,https://arquivo.pt/wayback/http://coimbraconvento.pt/,,,,,,,,,https://www.facebook.com/conventosaofrancisco.coimbra,https://www.instagram.com/conventosaofrancisco/,,,,,,,,,,,,,,55,
Salas de teatro em Portugal,CTAL — Cineteatro António Lamoso,,https://cineteatro.cm-feira.pt/,https://arquivo.pt/wayback/https://cineteatro.cm-feira.pt/,,,,,,,,,https://www.facebook.com/cineteatroantoniolamoso/,,,,,,,,,,,,,,,56,
Salas de teatro em Portugal,Favo das Artes,,https://favodasartes.mondimdebasto.pt/,https://arquivo.pt/wayback/https://favodasartes.mondimdebasto.pt/,,,,,,,,,https://www.facebook.com/favodasartes,https://www.instagram.com/favodasartes/,,,,,,,,,,,,,,57,
Salas de teatro em Portugal,Fórum Cultural de Alcochete,,https://www.cm-alcochete.pt/viver/cultura/forum-cultural-de-alcochete,https://arquivo.pt/wayback/https://www.cm-alcochete.pt/viver/cultura/forum-cultural-de-alcochete,,,,,,,,,,,,,,,,,,,,,,,,58,
Salas de teatro em Portugal,Fórum Cultural José Manuel Figueiredo,,https://www.cm-moita.pt/viver/cultura/recursos-e-equipamentos/poi/forum-cultural-jose-manuel-figueiredo,https://arquivo.pt/wayback/https://www.cm-moita.pt/viver/cultura/recursos-e-equipamentos/poi/forum-cultural-jose-manuel-figueiredo,,,,,,,,,https://www.facebook.com/cmmoita,https://www.instagram.com/municipiomoita/,,,,,,,,,,,,,,59,
Salas de teatro em Portugal,Fórum Municipal Luísa Todi,,https://www.forumluisatodi.pt/,https://arquivo.pt/wayback/https://www.forumluisatodi.pt/,,,,,,,,,https://www.facebook.com/ForumMunicipalLuisaTodi,,,,,,,,,,,,,,,60,
Salas de teatro em Portugal,gnration,,http://www.gnration.pt/,https://arquivo.pt/wayback/http://www.gnration.pt/,,,,,,,,,https://www.facebook.com/gnration.pt,http://www.instagram.com/gnration,,,,,,,,,,,,,,61,
Salas de teatro em Portugal,Musibéria,,https://www.cm-serpa.pt/pt/menu/398/musiberia.aspx,https://arquivo.pt/wayback/https://www.cm-serpa.pt/pt/menu/398/musiberia.aspx,,,,,,,,,https://www.facebook.com/musiberia,https://www.instagram.com/centro_musiberia/,,,,,,,,,,,,,,62,
Salas de teatro em Portugal,Novo Ciclo ACERT,,https://acert.pt/a-acert/novo-ciclo-acert/,https://arquivo.pt/wayback/https://acert.pt/a-acert/novo-ciclo-acert/,,,,,,,,,https://www.facebook.com/acert.pt,https://www.instagram.com/acert_tondela/,,,,,,,,,,,,,,63,
Salas de teatro em Portugal,Oficina Municipal do Teatro (OMT),,http://oteatrao.com/,https://arquivo.pt/wayback/http://oteatrao.com/,,,,,,,,,https://www.facebook.com/oteatrao,https://www.instagram.com/teatrao/,,,,,,,,,,,,,,64,
Salas de teatro em Portugal,Pax Júlia Teatro Municipal,,http://paxjuliateatromunicipal.blogspot.com/,https://arquivo.pt/wayback/http://paxjuliateatromunicipal.blogspot.com/,,,,,,,,,https://www.facebook.com/camaramunicipaldebeja,,,,,,,,,,,,,,,65,
Salas de teatro em Portugal,Quartel das Artes,,http://quarteldasartes.pt/,https://arquivo.pt/wayback/http://quarteldasartes.pt/,,,,,,,,,https://www.facebook.com/quarteldasartes,https://www.instagram.com/quarteldasartes/,,,,,,,,,,,,,,66,
Salas de teatro em Portugal,Teatro Académico de Gil Vicente,,https://tagv.pt/,https://arquivo.pt/wayback/https://tagv.pt/,,,,,,,,,https://www.facebook.com/TeatroAcademicodeGilVicente,https://www.instagram.com/teatroacademicodegilvicente/,,,,,,,,,,,,,,67,
Salas de teatro em Portugal,Teatro Aveirense,,https://www.teatroaveirense.pt/pt/,https://arquivo.pt/wayback/https://www.teatroaveirense.pt/pt/,,,,,,,,,https://www.facebook.com/teatroaveirense,http://https//instagram.com/teatroaveirense,,,,,,,,,,,,,,68,
Salas de teatro em Portugal,Teatro Bernardim Ribeiro,,https://www.cm-estremoz.pt/pagina/turismo/teatro-bernardim-ribeiro,https://arquivo.pt/wayback/https://www.cm-estremoz.pt/pagina/turismo/teatro-bernardim-ribeiro,,,,,,,,,http://www.facebook.com/municipioestremoz/,,,,,,,,,,,,,,,69,
Salas de teatro em Portugal,Teatro Cine de Gouveia,,http://www.cm-gouveia.pt/teatro-cine-de-gouveia/,https://arquivo.pt/wayback/http://www.cm-gouveia.pt/teatro-cine-de-gouveia/,,,,,,,,,https://www.facebook.com/teatrocine.gouveia,,,,,,,,,,,,,,,70,
Salas de teatro em Portugal,Teatro da Cerca de São Bernardo,,http://weblog.aescoladanoite.pt/,https://arquivo.pt/wayback/http://weblog.aescoladanoite.pt/,,,,,,,,,https://www.facebook.com/TCSBernardo,https://www.instagram.com/aescoladanoite/,,,,,,,,,,,,,,71,
Salas de teatro em Portugal,Teatro das Figuras,,https://www.teatrodasfiguras.pt/pt/Default.aspx,https://arquivo.pt/wayback/https://www.teatrodasfiguras.pt/pt/Default.aspx,,,,,,,,,https://www.facebook.com/teatrodasfiguras,https://www.instagram.com/teatrodasfiguras/,,,,,,,,,,,,,,72,
Salas de teatro em Portugal,Teatro Diogo Bernardes,,https://www.cm-pontedelima.pt/pages/410,https://arquivo.pt/wayback/https://www.cm-pontedelima.pt/pages/410,,,,,,,,,https://www.facebook.com/teatro.diogo.bernardes,https://www.instagram.com/teatrodiogobernardes/,,,,,,,,,,,,,,73,
Salas de teatro em Portugal,Teatro Independente de Oeiras (TIO),,https://www.teatrodeoeiras.com/,https://arquivo.pt/wayback/https://www.teatrodeoeiras.com/,,,,,,,,,https://www.facebook.com/teatroindependentedeoeiras,https://www.instagram.com/teatroindependentedeoeiras/,,,,,,,,,,,,,,74,
Salas de teatro em Portugal,Teatro José Lúcio da Silva,,https://www.teatrojlsilva.pt/,https://arquivo.pt/wayback/https://www.teatrojlsilva.pt/,,,,,,,,,https://www.facebook.com/teatrojlsilva,https://www.instagram.com/teatrojlsilva/,,,,,,,,,,,,,,75,
Salas de teatro em Portugal,Teatro Lethes,,http://www.teatrolethes.com/,https://arquivo.pt/wayback/http://www.teatrolethes.com/,,,,,,,,,https://www.facebook.com/TeatroLethes,https://www.instagram.com/teatrolethes/,,,,,,,,,,,,,,76,
Salas de teatro em Portugal,Teatro Miguel Franco,,https://www.teatrojlsilva.pt/evento/equipamento/teatro-miguel-franco/,https://arquivo.pt/wayback/https://www.teatrojlsilva.pt/evento/equipamento/teatro-miguel-franco/,,,,,,,,,https://www.facebook.com/teatromfranco,https://www.instagram.com/teatromiguelfranco/,,,,,,,,,,,,,,77,
Salas de teatro em Portugal,Teatro Municipal Baltazar Dias,,https://teatrobaltazardias.funchal.pt/,https://arquivo.pt/wayback/https://teatrobaltazardias.funchal.pt/,,,,,,,,,https://www.facebook.com/pages/Teatro-Municipal-Baltazar-Dias/285982611525229,https://instagram.com/teatrobaltazardias,,,,,,,,,,,,,,78,
Salas de teatro em Portugal,Teatro Municipal da Covilhã,,,https://arquivo.pt/wayback/,,,,,,,,,https://www.facebook.com/tmcovilha,https://www.instagram.com/tmcovilha/,,,,,,,,,,,,,,79,
Salas de teatro em Portugal,Teatro Municipal da Guarda,,https://www.tmg.com.pt/,https://arquivo.pt/wayback/https://www.tmg.com.pt/,,,,,,,,,https://www.facebook.com/teatromunicipalguarda,https://www.instagram.com/tmguarda/,,,,,,,,,,,,,,80,
Salas de teatro em Portugal,Teatro Municipal de Matosinhos Constantino Nery,,https://www.teatromunicipaldematosinhos.pt/,https://arquivo.pt/wayback/https://www.teatromunicipaldematosinhos.pt/,,,,,,,,,https://www.facebook.com/TeatroMunicipalDeMatosinhosConstantinoNery,,,,,,,,,,,,,,,81,
Salas de teatro em Portugal,Teatro Municipal de Ourém,,https://teatromunicipal.ourem.pt/,https://arquivo.pt/wayback/https://teatromunicipal.ourem.pt/,,,,,,,,,https://www.facebook.com/teatromunicipalourem/,https://www.instagram.com/teatromunicipalourem/,,,,,,,,,,,,,,82,
Salas de teatro em Portugal,Teatro Municipal de Vila Real,,http://www.teatrodevilareal.com/,https://arquivo.pt/wayback/http://www.teatrodevilareal.com/,,,,,,,,,http://www.facebook.com/teatrovilareal,http://www.instagram.com/teatrodevilareal,,,,,,,,,,,,,,83,
Salas de teatro em Portugal,Teatro Municipal Garcia de Resende,,https://www.cm-evora.pt/municipe/agenda-e-noticias/agenda/lista-de-eventos/,https://arquivo.pt/wayback/https://www.cm-evora.pt/municipe/agenda-e-noticias/agenda/lista-de-eventos/,,,,,,,,,https://www.facebook.com/AgendaCulturalEvora,,,,,,,,,,,,,,,84,
Salas de teatro em Portugal,Teatro Municipal Joaquim Benite,,https://ctalmada.pt/,https://arquivo.pt/wayback/https://ctalmada.pt/,,,,,,,,,https://www.facebook.com/TeatroMunicipalAlmada/,,,,,,,,,,,,,,,85,
Salas de teatro em Portugal,Teatro Ribeiro Conceição,,https://trc.cm-lamego.pt/,https://arquivo.pt/wayback/https://trc.cm-lamego.pt/,,,,,,,,,https://www.facebook.com/teatroribeiroconceicaolamego,https://www.instagram.com/teatroribeiroconceicao/,,,,,,,,,,,,,,86,
Salas de teatro em Portugal,Teatro Sá da Bandeira,,https://www.santaremcultura.pt/,https://arquivo.pt/wayback/https://www.santaremcultura.pt/,,,,,,,,,https://www.facebook.com/SantaremCultura,https://www.instagram.com/santarem.cultura/,,,,,,,,,,,,,,87,
Salas de teatro em Portugal,Teatro Sá de Miranda,,https://tmsm.pt/,https://arquivo.pt/wayback/https://tmsm.pt/,,,,,,,,,https://www.facebook.com/teatromunicipalsademiranda/,https://www.instagram.com/teatromunicipalsademiranda/,,,,,,,,,,,,,,88,
Salas de teatro em Portugal,Teatro Virgínia,,https://teatrovirginia.pt/,https://arquivo.pt/wayback/https://teatrovirginia.pt/,,,,,,,,,https://www.facebook.com/teatrovirginiatorresnovas,,,,,,,,,,,,,,,89,
Salas de teatro em Portugal,Teatro Viriato,,https://www.teatroviriato.com/,https://arquivo.pt/wayback/https://www.teatroviriato.com/,,,,,,,,,https://www.facebook.com/teatroviriato,https://www.instagram.com/teatro_viriato/,,,,,,,,,,,,,,90,
Salas de teatro em Portugal,Teatro-Cine de Pombal,,https://www.teatroviriato.com/,https://arquivo.pt/wayback/https://www.teatroviriato.com/,,,,,,,,,https://www.facebook.com/teatroviriato,https://www.instagram.com/teatro_viriato/,,,,,,,,,,,,,,91,
Salas de teatro em Portugal,Teatro-Cine de Torres Vedras,,https://teatrocine-tvedras.pt/,https://arquivo.pt/wayback/https://teatrocine-tvedras.pt/,,,,,,,,,https://www.facebook.com/teatrotvedras,https://www.instagram.com/teatrotvedras/,,,,,,,,,,,,,,92,
Salas de teatro em Portugal,Teatro-Cinema de Fafe,,http://www.cm-fafe.pt/,https://arquivo.pt/wayback/http://www.cm-fafe.pt/,,,,,,,,,http://facebook.com/municipiofafe,,,,,,,,,,,,,,,93,
Salas de teatro em Portugal,TEMPO – Teatro Municipal de Portimão,,https://tempo.bol.pt/,https://arquivo.pt/wayback/https://tempo.bol.pt/,,,,,,,,,http://facebook.com/TEMPOportimao/,https://www.instagram.com/tempoportimao/,,,,,,,,,,,,,,94,
Salas de teatro em Portugal,Theatro Circo,,http://www.theatrocirco.com/,https://arquivo.pt/wayback/http://www.theatrocirco.com/,,,,,,,,,http://www.facebook.com/TheatroCirco,http://www.instagram.com/theatrocirco/,,,,,,,,,,,,,,95,
Salas de teatro em Portugal,Theatro Gil Vicente,,https://agenda.barcelos.pt/,https://arquivo.pt/wayback/https://agenda.barcelos.pt/,,,,,,,,,https://www.facebook.com/TheatroGilVicente,https://www.instagram.com/theatro_gil_vicente/,,,,,,,,,,,,,,96,